dwc:materialSampleID	dcterms:title	dcterms:identifier	dcterms:references	dcterms:format	dcterms:license
ANICS564-11	ANICS564-11	http://www.boldsystems.org/pics/ANICS/11ANIC_04564%2B1301474524.JPG	http://bins.boldsystems.org/index.php/Public_RecordView?processid=ANICS564-11	image/jpeg	CreativeCommons - Attribution Non-Commercial Share-Alike
ANICS565-11	ANICS565-11	http://www.boldsystems.org/pics/ANICS/11ANIC_04565%2B1301474564.JPG	http://bins.boldsystems.org/index.php/Public_RecordView?processid=ANICS565-11	image/jpeg	CreativeCommons - Attribution Non-Commercial Share-Alike
ANICS566-11	ANICS566-11	http://www.boldsystems.org/pics/ANICS/11ANIC_04566%2B1301474598.JPG	http://bins.boldsystems.org/index.php/Public_RecordView?processid=ANICS566-11	image/jpeg	CreativeCommons - Attribution Non-Commercial Share-Alike
GWOR1083-07	GWOR1083-07	http://www.boldsystems.org/pics/GWOR/BC_ZSM_Lep_01459%2B1180948892.JPG	http://bins.boldsystems.org/index.php/Public_RecordView?processid=GWOR1083-07	image/jpeg	CreativeCommons - Attribution Non-Commercial Share-Alike
GWOR1083-07	GWOR1083-07	http://www.boldsystems.org/pics/GAUG/BC_ZSM_Lep_01459%2B1256139094.JPG	http://bins.boldsystems.org/index.php/Public_RecordView?processid=GWOR1083-07	image/jpeg	CreativeCommons - Attribution Non-Commercial Share-Alike
GWOR1084-07	GWOR1084-07	http://www.boldsystems.org/pics/GWOR/BC_ZSM_Lep_01460%2B1180948892.JPG	http://bins.boldsystems.org/index.php/Public_RecordView?processid=GWOR1084-07	image/jpeg	CreativeCommons - Attribution Non-Commercial Share-Alike
GWOR1084-07	GWOR1084-07	http://www.boldsystems.org/pics/GAUG/BC_ZSM_Lep_01460%2B1256139122.JPG	http://bins.boldsystems.org/index.php/Public_RecordView?processid=GWOR1084-07	image/jpeg	CreativeCommons - Attribution Non-Commercial Share-Alike
GWORC2656-13	GWORC2656-13	http://www.boldsystems.org/pics/GWORC/BC_ZSM_Lep_69378%2B1388789882.JPG	http://bins.boldsystems.org/index.php/Public_RecordView?processid=GWORC2656-13	image/jpeg	CreativeCommons - Attribution Non-Commercial Share-Alike
PNGTY1840-15	PNGTY1840-15	http://www.boldsystems.org/pics/PNGTY/817089%2B1446592080.jpg	http://bins.boldsystems.org/index.php/Public_RecordView?processid=PNGTY1840-15	image/jpeg	CreativeCommons - Attribution Non-Commercial Share-Alike
