dwc:materialSampleID	dwc:otherCatalogNumbers	dwc:catalogNumber	dwc:institutionCode	dwc:fieldNumber	dwc:taxonID	dwc:phylum	dwc:class	dwc:order	dwc:family	dwc:genus	dwc:scientificName	dwc:identifiedBy	dwc:typeStatus	dwc:recordedBy	dwc:eventDate	dwc:lifestage	dwc:sex	dwc:occurrenceRemarks	dwc:decimalLatitude	dwc:decimalLongitude	dwc:georeferenceSources	dwc:coordinatePrecision	dwc:country	dwc:stateProvince	dwc:locality	dwc:associatedSequences
ANIC311-06	ANIC Gen No. 000503		Australian National Insect Collection	ANIC Gen No. 000503	BOLD:AAD6226	Arthropoda	Insecta	Lepidoptera	Geometridae	Pingasa	Pingasa nobilis	Edward D. Edwards		Rentz,D.C.F.	2005-12-16	A			-16.48	145.38			Australia	Queensland	Kuranda (Top of the Range), 19  Butler Dr.	
ANICS564-11	11ANIC-04564	ANIC Database No. 31 042402	Australian National Insect Collection	11ANIC-04564	BOLD:AAD6226	Arthropoda	Insecta	Lepidoptera	Geometridae	Pingasa	Pingasa nobilis	ANIC Curators		D.C.F.Rentz	2004-07-31	A		15-31-jul-2004	-16.8	145.633			Australia	Queensland	Kuranda (Top of the Range) 19 Butler Dr	JN271279
ANICS565-11	11ANIC-04565	ANIC Database No. 31 042403	Australian National Insect Collection	11ANIC-04565	BOLD:AAD6226	Arthropoda	Insecta	Lepidoptera	Geometridae	Pingasa	Pingasa nobilis	ANIC Curators		D.C.F.Rentz	2005-05-15	A		1-15-may-2005	-16.8	145.633			Australia	Queensland	Kuranda (Top of the Range) 19 Butler Dr	JN271280
ANICS566-11	11ANIC-04566	ANIC Database No. 31 042404	Australian National Insect Collection	11ANIC-04566	BOLD:AAD6226	Arthropoda	Insecta	Lepidoptera	Geometridae	Pingasa	Pingasa nobilis	ANIC Curators		B.Hacobian	1988-01-20	A			-15.48	145.14			Australia	Queensland	nr Shiptonsn Flat Cooktown	KF389525
GWOR1083-07	BC ZSM Lep 01459	BC ZSM Lep 01459	SNSB, Zoologische Staatssammlung Muenchen	BC ZSM Lep 01459	BOLD:AAD6226	Arthropoda	Insecta	Lepidoptera				Axel Hausmann		U. Buchsbaum & Mei-Yu Chen	2007-01-08	A	M		-17.44	145.862			Australia	Queensland		
GWOR1084-07	BC ZSM Lep 01460	BC ZSM Lep 01460	SNSB, Zoologische Staatssammlung Muenchen	BC ZSM Lep 01460	BOLD:AAD6226	Arthropoda	Insecta	Lepidoptera				Axel Hausmann		U. Buchsbaum & Mei-Yu Chen	2007-01-08	A	F		-17.44	145.862			Australia	Queensland		
GWORC2656-13	BC ZSM Lep 69378	BC ZSM Lep 69378	SNSB, Zoologische Staatssammlung Muenchen	BC ZSM Lep 69378	BOLD:AAD6226	Arthropoda	Insecta	Lepidoptera				Axel Hausmann		J.P. Bader	1989-04-09	a	F		-4.45	136.89			Indonesia			
GWORX667-10	BC EF Lep 02433	BC EF Lep 02433	Research Collection of Egbert Friedrich	BC EF Lep 02433	BOLD:AAD6226	Arthropoda	Insecta	Lepidoptera				Egbert Friedrich		E. Friedrich	2009-04-25	A	M		-16.2458	145.436			Australia	Queensland		HM912885
GWORX668-10	BC EF Lep 02434	BC EF Lep 02434	Research Collection of Egbert Friedrich	BC EF Lep 02434	BOLD:AAD6226	Arthropoda	Insecta	Lepidoptera				Egbert Friedrich		E. Friedrich	2009-04-27	A	M		-16.7592	145.614			Australia	Queensland		HM912886
GWORX669-10	BC EF Lep 02435	BC EF Lep 02435	Research Collection of Egbert Friedrich	BC EF Lep 02435	BOLD:AAD6226	Arthropoda	Insecta	Lepidoptera				Egbert Friedrich		E. Friedrich	2009-04-14	A	F		-16.7592	145.614			Australia	Queensland		HM912887
GWOSD436-10	BC ZSM Lep 40482	BC ZSM Lep 40482	ZSM Collection of Manfred Sommerer	BC ZSM Lep 40482	BOLD:AAD6226	Arthropoda	Insecta	Lepidoptera				Axel Hausmann		Cerny	2000-02-05	A	M		-3	140			Indonesia	Papua		
GWOSN765-11	BC ZSM Lep 53731	BC ZSM Lep 53731	ZSM Collection of Manfred Sommerer	BC ZSM Lep 53731	BOLD:AAD6226	Arthropoda	Insecta	Lepidoptera				Axel Hausmann		Cerny	2000-02-05	A	M		-3.58333	140			Indonesia	Papua		
PAGI431-10	USNM ENT 00646361	USNM ENT 00646361	New Guinea Binatang Research Center		BOLD:AAD6226	Arthropoda	Insecta	Lepidoptera						P.Toko, Henson.N	2008-06-22	A			-5.267	145.283			Papua New Guinea	Madang		HM889644
PAGI432-10	USNM ENT 00646362	USNM ENT 00646362	New Guinea Binatang Research Center		BOLD:AAD6226	Arthropoda	Insecta	Lepidoptera						P.Toko, Henson.N	2008-06-19	A			-5.267	145.283			Papua New Guinea	Madang		HM889645
PAGI433-10	USNM ENT 00646363	USNM ENT 00646363	New Guinea Binatang Research Center		BOLD:AAD6226	Arthropoda	Insecta	Lepidoptera						P.Toko, Henson.N	2008-05-08	A			-5.267	145.283			Papua New Guinea	Madang		HM889646
PAGI434-10	USNM ENT 00646364	USNM ENT 00646364	New Guinea Binatang Research Center		BOLD:AAD6226	Arthropoda	Insecta	Lepidoptera						P.Toko, Henson.N	2008-06-24	A			-5.267	145.283			Papua New Guinea	Madang		HM889647
PAGI435-10	USNM ENT 00646365	USNM ENT 00646365	New Guinea Binatang Research Center		BOLD:AAD6226	Arthropoda	Insecta	Lepidoptera						P.Toko, Henson.N	2008-05-14	A			-5.267	145.283			Papua New Guinea	Madang		HM889648
PAGIB105-12	USNM ENT 00722472	USNM ENT 00722472	Smithsonian Institution National Museum of Natural History	WGEOM109	BOLD:AAD6226	Arthropoda	Insecta	Lepidoptera				Scott E. Miller		P.Toko, Bonny.H	2009-11-05	A			-5.71813	145.268			Papua New Guinea	Madang		
PAGIB128-12	USNM ENT 00729236	USNM ENT 00729236	Smithsonian Institution National Museum of Natural History	WGEOM109	BOLD:AAD6226	Arthropoda	Insecta	Lepidoptera				Scott E. Miller		P.Toko, Bonny.H	2009-10-22	A			-5.73487	145.333			Papua New Guinea	Madang		
PAGIB130-12	USNM ENT 00729262	USNM ENT 00729262	Smithsonian Institution National Museum of Natural History	WGEOM109	BOLD:AAD6226	Arthropoda	Insecta	Lepidoptera				Scott E. Miller		P.Toko, Bonny.H	2009-10-27	A			-5.73487	145.333			Papua New Guinea	Madang		
PAGIB132-12	USNM ENT 00729266	USNM ENT 00729266	Smithsonian Institution National Museum of Natural History	WGEOM109	BOLD:AAD6226	Arthropoda	Insecta	Lepidoptera				Scott E. Miller		P.Toko, Bonny.H	2009-10-22	A			-5.73487	145.333			Papua New Guinea	Madang		
PNGTY1840-15	BMNH(E) #817089_NGS	BMNH(E) #817089	Natural History Museum, London	NH1 F09	BOLD:AAD6226	Arthropoda	Insecta	Lepidoptera	Geometridae	Pingasa	Pingasa nobilis		Holotype	A.S. Meek		Adult	M	Aug.-Sep.1907					Papua New Guinea			KR070782
