dwc:materialSampleID	dcterms:identifier	dcterms:bibliographicCitation
HQ619940		Goodman,S.M.; Ramasindrazana,B.; Maminirina,C.P.; Schoeman,M.C.; Appleton,B.R. Morphological, bioacoustical, and genetic variation in Miniopterus bats from eastern Madagascar, with the description of a new species. Zootaxa 2880, 1-19 (2011)
HQ619944		Goodman,S.M.; Ramasindrazana,B.; Maminirina,C.P.; Schoeman,M.C.; Appleton,B.R. Morphological, bioacoustical, and genetic variation in Miniopterus bats from eastern Madagascar, with the description of a new species. Zootaxa 2880, 1-19 (2011)
HQ619943		Goodman,S.M.; Ramasindrazana,B.; Maminirina,C.P.; Schoeman,M.C.; Appleton,B.R. Morphological, bioacoustical, and genetic variation in Miniopterus bats from eastern Madagascar, with the description of a new species. Zootaxa 2880, 1-19 (2011)
HQ619941		Goodman,S.M.; Ramasindrazana,B.; Maminirina,C.P.; Schoeman,M.C.; Appleton,B.R. Morphological, bioacoustical, and genetic variation in Miniopterus bats from eastern Madagascar, with the description of a new species. Zootaxa 2880, 1-19 (2011)
HQ619951		Goodman,S.M.; Ramasindrazana,B.; Maminirina,C.P.; Schoeman,M.C.; Appleton,B.R. Morphological, bioacoustical, and genetic variation in Miniopterus bats from eastern Madagascar, with the description of a new species. Zootaxa 2880, 1-19 (2011)
HQ619945		Goodman,S.M.; Ramasindrazana,B.; Maminirina,C.P.; Schoeman,M.C.; Appleton,B.R. Morphological, bioacoustical, and genetic variation in Miniopterus bats from eastern Madagascar, with the description of a new species. Zootaxa 2880, 1-19 (2011)
HQ619947		Goodman,S.M.; Ramasindrazana,B.; Maminirina,C.P.; Schoeman,M.C.; Appleton,B.R. Morphological, bioacoustical, and genetic variation in Miniopterus bats from eastern Madagascar, with the description of a new species. Zootaxa 2880, 1-19 (2011)
HQ619946		Goodman,S.M.; Ramasindrazana,B.; Maminirina,C.P.; Schoeman,M.C.; Appleton,B.R. Morphological, bioacoustical, and genetic variation in Miniopterus bats from eastern Madagascar, with the description of a new species. Zootaxa 2880, 1-19 (2011)
HQ619948		Goodman,S.M.; Ramasindrazana,B.; Maminirina,C.P.; Schoeman,M.C.; Appleton,B.R. Morphological, bioacoustical, and genetic variation in Miniopterus bats from eastern Madagascar, with the description of a new species. Zootaxa 2880, 1-19 (2011)
HQ619942		Goodman,S.M.; Ramasindrazana,B.; Maminirina,C.P.; Schoeman,M.C.; Appleton,B.R. Morphological, bioacoustical, and genetic variation in Miniopterus bats from eastern Madagascar, with the description of a new species. Zootaxa 2880, 1-19 (2011)
HQ619949		Goodman,S.M.; Ramasindrazana,B.; Maminirina,C.P.; Schoeman,M.C.; Appleton,B.R. Morphological, bioacoustical, and genetic variation in Miniopterus bats from eastern Madagascar, with the description of a new species. Zootaxa 2880, 1-19 (2011)
HQ619950		Goodman,S.M.; Ramasindrazana,B.; Maminirina,C.P.; Schoeman,M.C.; Appleton,B.R. Morphological, bioacoustical, and genetic variation in Miniopterus bats from eastern Madagascar, with the description of a new species. Zootaxa 2880, 1-19 (2011)
HQ619952		Goodman,S.M.; Ramasindrazana,B.; Maminirina,C.P.; Schoeman,M.C.; Appleton,B.R. Morphological, bioacoustical, and genetic variation in Miniopterus bats from eastern Madagascar, with the description of a new species. Zootaxa 2880, 1-19 (2011)
FJ383132		Goodman,S.M.; Maminirina,C.P.; Weyeneth,N.; Bradman,H.M.; Christidis,L.; Ruedi,M.; Appleton,B. The use of molecular and morphological characters to resolve the taxonomic identity of cryptic species: the case of Miniopterus manavi (Chiroptera, Miniopteridae). Zool. Scr. 38 (4), 339-363 (2009)
FJ383133		Goodman,S.M.; Maminirina,C.P.; Weyeneth,N.; Bradman,H.M.; Christidis,L.; Ruedi,M.; Appleton,B. The use of molecular and morphological characters to resolve the taxonomic identity of cryptic species: the case of Miniopterus manavi (Chiroptera, Miniopteridae). Zool. Scr. 38 (4), 339-363 (2009)
KJ095174	doi:10.1371/journal.pone.0092440	Christidis,L.; Goodman,S.M.; Naughton,K.; Appleton,B. Insights into the evolution of a cryptic radiation of bats: dispersal and ecological radiation of malagasy miniopterus (chiroptera: miniopteridae). PLoS ONE 9 (3), E92440 (2014)
EU091257		Goodman,S.M.; Bradman,H.M.; Maminirina,C.P.; Ryan,K.E.; Christidis,L.L.; Appleton,B. A new species of Miniopterus (Chiroptera: Miniopteridae) from lowland southeastern Madagascar. Mamm. Biol. 73 (3), 199-213 (2008)
KJ095177	doi:10.1371/journal.pone.0092440	Christidis,L.; Goodman,S.M.; Naughton,K.; Appleton,B. Insights into the evolution of a cryptic radiation of bats: dispersal and ecological radiation of malagasy miniopterus (chiroptera: miniopteridae). PLoS ONE 9 (3), E92440 (2014)
KJ095176	doi:10.1371/journal.pone.0092440	Christidis,L.; Goodman,S.M.; Naughton,K.; Appleton,B. Insights into the evolution of a cryptic radiation of bats: dispersal and ecological radiation of malagasy miniopterus (chiroptera: miniopteridae). PLoS ONE 9 (3), E92440 (2014)
FJ383130		Goodman,S.M.; Maminirina,C.P.; Weyeneth,N.; Bradman,H.M.; Christidis,L.; Ruedi,M.; Appleton,B. The use of molecular and morphological characters to resolve the taxonomic identity of cryptic species: the case of Miniopterus manavi (Chiroptera, Miniopteridae). Zool. Scr. 38 (4), 339-363 (2009)
KJ095178	doi:10.1371/journal.pone.0092440	Christidis,L.; Goodman,S.M.; Naughton,K.; Appleton,B. Insights into the evolution of a cryptic radiation of bats: dispersal and ecological radiation of malagasy miniopterus (chiroptera: miniopteridae). PLoS ONE 9 (3), E92440 (2014)
HQ619936		Goodman,S.M.; Ramasindrazana,B.; Maminirina,C.P.; Schoeman,M.C.; Appleton,B.R. Morphological, bioacoustical, and genetic variation in Miniopterus bats from eastern Madagascar, with the description of a new species. Zootaxa 2880, 1-19 (2011)
KJ095175	doi:10.1371/journal.pone.0092440	Christidis,L.; Goodman,S.M.; Naughton,K.; Appleton,B. Insights into the evolution of a cryptic radiation of bats: dispersal and ecological radiation of malagasy miniopterus (chiroptera: miniopteridae). PLoS ONE 9 (3), E92440 (2014)
FJ383129		Goodman,S.M.; Maminirina,C.P.; Weyeneth,N.; Bradman,H.M.; Christidis,L.; Ruedi,M.; Appleton,B. The use of molecular and morphological characters to resolve the taxonomic identity of cryptic species: the case of Miniopterus manavi (Chiroptera, Miniopteridae). Zool. Scr. 38 (4), 339-363 (2009)
EU091258		Goodman,S.M.; Bradman,H.M.; Maminirina,C.P.; Ryan,K.E.; Christidis,L.L.; Appleton,B. A new species of Miniopterus (Chiroptera: Miniopteridae) from lowland southeastern Madagascar. Mamm. Biol. 73 (3), 199-213 (2008)
HQ619934		Goodman,S.M.; Ramasindrazana,B.; Maminirina,C.P.; Schoeman,M.C.; Appleton,B.R. Morphological, bioacoustical, and genetic variation in Miniopterus bats from eastern Madagascar, with the description of a new species. Zootaxa 2880, 1-19 (2011)
HQ619935		Goodman,S.M.; Ramasindrazana,B.; Maminirina,C.P.; Schoeman,M.C.; Appleton,B.R. Morphological, bioacoustical, and genetic variation in Miniopterus bats from eastern Madagascar, with the description of a new species. Zootaxa 2880, 1-19 (2011)
KJ095179	doi:10.1371/journal.pone.0092440	Christidis,L.; Goodman,S.M.; Naughton,K.; Appleton,B. Insights into the evolution of a cryptic radiation of bats: dispersal and ecological radiation of malagasy miniopterus (chiroptera: miniopteridae). PLoS ONE 9 (3), E92440 (2014)
EU091255		Goodman,S.M.; Bradman,H.M.; Maminirina,C.P.; Ryan,K.E.; Christidis,L.L.; Appleton,B. A new species of Miniopterus (Chiroptera: Miniopteridae) from lowland southeastern Madagascar. Mamm. Biol. 73 (3), 199-213 (2008)
KJ095181	doi:10.1371/journal.pone.0092440	Christidis,L.; Goodman,S.M.; Naughton,K.; Appleton,B. Insights into the evolution of a cryptic radiation of bats: dispersal and ecological radiation of malagasy miniopterus (chiroptera: miniopteridae). PLoS ONE 9 (3), E92440 (2014)
JF440281		Ramasindrazana,B.; Goodman,S.M.; Schoeman,M.C.; Appleton,B.R. Identification of cryptic species of Miniopterus bats (Chiroptera: Miniopteridae) from Madagascar and the Comoros using bioacoustics overlaid on molecular genetic and morphological characters. Biol. J. Linn. Soc. Lond. 104, 284-302 (2011)
KJ095193	doi:10.1371/journal.pone.0092440	Christidis,L.; Goodman,S.M.; Naughton,K.; Appleton,B. Insights into the evolution of a cryptic radiation of bats: dispersal and ecological radiation of malagasy miniopterus (chiroptera: miniopteridae). PLoS ONE 9 (3), E92440 (2014)
KJ095192	doi:10.1371/journal.pone.0092440	Christidis,L.; Goodman,S.M.; Naughton,K.; Appleton,B. Insights into the evolution of a cryptic radiation of bats: dispersal and ecological radiation of malagasy miniopterus (chiroptera: miniopteridae). PLoS ONE 9 (3), E92440 (2014)
KJ095191	doi:10.1371/journal.pone.0092440	Christidis,L.; Goodman,S.M.; Naughton,K.; Appleton,B. Insights into the evolution of a cryptic radiation of bats: dispersal and ecological radiation of malagasy miniopterus (chiroptera: miniopteridae). PLoS ONE 9 (3), E92440 (2014)
KJ095182	doi:10.1371/journal.pone.0092440	Christidis,L.; Goodman,S.M.; Naughton,K.; Appleton,B. Insights into the evolution of a cryptic radiation of bats: dispersal and ecological radiation of malagasy miniopterus (chiroptera: miniopteridae). PLoS ONE 9 (3), E92440 (2014)
KJ095180	doi:10.1371/journal.pone.0092440	Christidis,L.; Goodman,S.M.; Naughton,K.; Appleton,B. Insights into the evolution of a cryptic radiation of bats: dispersal and ecological radiation of malagasy miniopterus (chiroptera: miniopteridae). PLoS ONE 9 (3), E92440 (2014)
KJ095184	doi:10.1371/journal.pone.0092440	Christidis,L.; Goodman,S.M.; Naughton,K.; Appleton,B. Insights into the evolution of a cryptic radiation of bats: dispersal and ecological radiation of malagasy miniopterus (chiroptera: miniopteridae). PLoS ONE 9 (3), E92440 (2014)
KJ095189	doi:10.1371/journal.pone.0092440	Christidis,L.; Goodman,S.M.; Naughton,K.; Appleton,B. Insights into the evolution of a cryptic radiation of bats: dispersal and ecological radiation of malagasy miniopterus (chiroptera: miniopteridae). PLoS ONE 9 (3), E92440 (2014)
JF440280		Ramasindrazana,B.; Goodman,S.M.; Schoeman,M.C.; Appleton,B.R. Identification of cryptic species of Miniopterus bats (Chiroptera: Miniopteridae) from Madagascar and the Comoros using bioacoustics overlaid on molecular genetic and morphological characters. Biol. J. Linn. Soc. Lond. 104, 284-302 (2011)
KJ095190	doi:10.1371/journal.pone.0092440	Christidis,L.; Goodman,S.M.; Naughton,K.; Appleton,B. Insights into the evolution of a cryptic radiation of bats: dispersal and ecological radiation of malagasy miniopterus (chiroptera: miniopteridae). PLoS ONE 9 (3), E92440 (2014)
